ajay kumar,101,Karnataka ,Bangalore
vikas ,102,Andhra Prdesh,Visakhapatnam
vinod ,103,Haryana,Chandigarh
salman ,104,Gujarat,Gandhinagar
mohan kumar,105,Meghalaya,Shillong
sandeep meghawal ,106,Tamil Nadu,Chennai
imamudeen ,107,West Bengal,Kolkata
sandeep kumar ,108,Uttar Pradesh,Prayagraj
tarjan,109,NCR,Delhi
kuldeep ,110,Punjab,Ludhiana
murar,111,Karnataka ,Mysore
ramvilash ,112,Andhra Prdesh,Guntur
jagdish,113,Haryana,Faridabad
rashid,114,Gujarat,Vadodara
manish,115,Meghalaya,Guwahati
shiva,116,Tamil Nadu,Coimbatore
karan,117,West Bengal,Siliguri
yashpal singh,118,Uttar Pradesh,Lucknow
ibraham ali,119,NCR,Noida
dushyant kumar,120,Punjab,Amritsar
umakant,121,Karnataka ,Mangalore
latur lal,122,Andhra Prdesh,Tirupati
raju,123,Haryana,Ambala
rupak singh,124,Gujarat,Surat
nikhil dhariwal,125,Meghalaya,Tura
